feat_r_0,feat_r_1,feat_r_2,feat_r_3,feat_r_4,feat_r_5
1.4265805404231835,1.4262361675245145,1.4278783207489554,1.4268552596704378,1.4270105740172228,1.4263279131082502
1.4152437027740286,1.4163249060724268,1.415505369950494,1.4157493144409352,1.413959177583784,1.413743655704967
1.4133676844288956,1.4084224273677033,1.4117027267275122,1.4081818466088747,1.4103611272638297,1.4071107331670274
1.398067975966771,1.4012402735769414,1.3999280772816636,1.4030452377135414,1.3999323891774267,1.4028981119673152
1.391836569019548,1.3919918112970802,1.3929790008076501,1.3923631864618315,1.3926592106066864,1.3914736829868277
1.3967637016509429,1.3996358587768778,1.3971822774070166,1.3991641740333394,1.397153998847617,1.3981983016725474
1.417736621463725,1.4168319628642674,1.4206798461630987,1.4183438940536919,1.4211021967989832,1.4179946763811104
1.4302912841772402,1.4307182200712993,1.4303938003952177,1.4314831381707809,1.4280673551357308,1.4291648683207856
1.39525812783394,1.3945706892711025,1.3960528398436287,1.3949981192578087,1.3952593053416833,1.3940554269678402
1.4171311794637278,1.4208197870165105,1.416940586793458,1.421256655147135,1.4148274177324593,1.4200299866005603
1.4298583175903317,1.427884985436669,1.4305062129286517,1.4290159749883582,1.4291156578089603,1.4279171054074697
1.4106414826098788,1.4121409353335446,1.4106838994699324,1.4116277688204755,1.4098737950544846,1.410254539437741
1.4052525691623072,1.4075980975750322,1.4061968346498055,1.4089279463270354,1.4047279688895098,1.408055829893017
1.4105215973733074,1.4141839985200766,1.4100401137325989,1.4146159985725006,1.4080097799235625,1.4128470142214142
1.4329628022323824,1.4290500851298935,1.432840439989692,1.4290496250887896,1.431898538283858,1.4276404587816687
1.4120723717882642,1.413265383091557,1.4118905127528316,1.4138743644366185,1.4096169237373628,1.4134798105217081
1.4137522357954895,1.4138761402540823,1.4147964960947754,1.4145619877846534,1.4139727889072538,1.4133603086244704
1.4201827421005038,1.4195533054500027,1.420500049874878,1.4195578481693776,1.419231768885156,1.4185280141186194
1.4215414488624596,1.4226479827053227,1.421416642848739,1.422135547955505,1.4207612250528392,1.421527035904506
1.4106315967196357,1.4099598001269056,1.4104502952983111,1.4097884718657658,1.4087292330331065,1.4085531635473316
1.420183073865884,1.4211844531758027,1.4209681743909983,1.4223451730432621,1.4203138433254465,1.4220442923922756
1.4078677988501538,1.4076695335475273,1.4089146954248777,1.408400194445504,1.409012927604503,1.4075566513567
1.4008841688062537,1.4011566070107635,1.4016845474912971,1.4022957844348012,1.4006456331322814,1.4011882419861597
1.4129297797518912,1.4121129685239464,1.4130645260442831,1.4125978641600485,1.4121550643077345,1.411457287722907
1.4210678440383089,1.4200498985458194,1.420746532700386,1.4207026149330009,1.4191350318001887,1.4191048060290912
1.395887286904117,1.3926668231733976,1.3967286158155559,1.3940720825087247,1.3951587644606585,1.3942891906229293
1.4067826212864902,1.4091825085568512,1.406337521886774,1.4085534529844999,1.4051917462894894,1.4071503581443898
1.4228999274389362,1.4219421590523589,1.4245527294526237,1.423035275094163,1.4245579366360943,1.4225066743590373
1.4252610984988918,1.425903849101375,1.4271895665878647,1.4270245582749346,1.4268992835243077,1.4261837027695832
1.3980134199848875,1.3983009245934308,1.3989397394852516,1.3994326644049564,1.3981860629614076,1.398864126828269
1.386963581591814,1.38828764434934,1.388704794675323,1.3892634781254982,1.3883039077752402,1.3883975963576825
1.4274660221955149,1.4306534473123655,1.4276423818130928,1.4300228382526505,1.4258909245834832,1.4278293697876476
1.4209571390383713,1.4231833395884654,1.4220345751437549,1.4242844972662887,1.4214222016119467,1.4231897646964322
1.4115325106052472,1.4135047062172459,1.4106512863814427,1.4122308623745294,1.4090350730575496,1.411077823413313
1.4103011607640363,1.4096127786320396,1.4102415362102245,1.41006713123342,1.4095054641930445,1.4086069075331018
1.4229432648921145,1.4252145438740118,1.4230686348149453,1.4251355611144527,1.4222878954390774,1.4243321502399975
1.3939118586791335,1.3992002885485173,1.3943780183785828,1.39858407929708,1.3933183243538223,1.3969637981243777
1.4006889156689932,1.400815097125331,1.400496160761238,1.3997560836735443,1.3994219835262598,1.3984484515383326
1.4030923922650942,1.4058026965614123,1.4039594210598865,1.405686172919669,1.4027209370558966,1.4047556043540959
1.3946550637657793,1.3968073283362066,1.3943155149081472,1.3957752915493598,1.3932011940988824,1.3945525784083794
1.4142827906439244,1.4128102335939334,1.4134572161104253,1.4117575292311435,1.4121917449269779,1.40971163368244
1.4294798345150928,1.429778403632131,1.4295900101314714,1.4308934524930337,1.4272960568561637,1.4302160605756407
1.415388605310475,1.4169268929446555,1.4142769073009582,1.4166758661747347,1.4123748625717873,1.4155799640897995
1.3997658474071253,1.3947631104827294,1.398635071716637,1.3946467216337797,1.3973948281143538,1.3937815134105704
1.4135940063231633,1.412888609514504,1.4129927633769126,1.4117265310851204,1.4126214172791838,1.410922470727436
1.421956285620436,1.4206521425571805,1.4222853262849147,1.4221290529878967,1.4218210838624243,1.4217725215802257
1.419731141221853,1.416489290005248,1.4206223010506032,1.4161430933183399,1.419653131682735,1.4146615848231798
1.4067903627029832,1.4085451001137017,1.407240893964255,1.4097853542945404,1.4066972219978717,1.4096792532469768
1.384171895155254,1.3847311268873879,1.3851220654301866,1.3862188504869017,1.3849847428751145,1.386022634852422
1.4118616411213594,1.4134850235789351,1.4125262771149478,1.413382835367778,1.411133384662919,1.4128292826155313
1.4176430649491683,1.4194569494704254,1.417843472549238,1.4197098645276978,1.4169339477988037,1.4189752660780441
1.3838417011841844,1.3797137968020952,1.3840695849381637,1.3792379040542426,1.3835869994301948,1.379169009994367
1.400975968929495,1.4066365283883575,1.4004657377307246,1.4049852991447127,1.3997948078701856,1.4037221900220678
1.4199447015044073,1.418152524928046,1.4210645076005948,1.4185448569066432,1.4200495461672293,1.4169454863903423
1.434343651307079,1.4370878221377081,1.4349286725205246,1.4384223570225274,1.433208577406933,1.4375417003815918
1.4077827503796052,1.4051210145565642,1.4073644305978887,1.4043494830926346,1.406195818433332,1.402289219304334
1.416040520512719,1.4166858172929166,1.4159424975076198,1.4150254655711278,1.4143860175809013,1.4126225155325185
1.3880173433981668,1.3854310493761113,1.3881410226434936,1.385988241353839,1.3881054860420492,1.3851802816479086
1.4391674613210554,1.4403682850248065,1.441680331799423,1.4415662959186182,1.4419928516517682,1.4411618261139243
1.4138774443717488,1.4153835086300444,1.4125836319647074,1.4146543304401005,1.4107368383009327,1.4145081218890636
1.4317482677397912,1.4353060805751894,1.433059118237671,1.4353683978609055,1.4313831785962696,1.4322374262050686
1.3850672428129562,1.3884454164449918,1.3854081928810067,1.3876055693158262,1.3844167419689564,1.3867871471463
1.4154173923891986,1.4152025144402332,1.416243757459419,1.4161580227116233,1.4149007756650809,1.415173214844375
1.4064881545742731,1.4037111801330768,1.4050880917757025,1.403772254919903,1.403557543488584,1.402914742904251
1.4105617853020704,1.4070108545010152,1.4112538437057562,1.4067584140306815,1.4106576800698984,1.405799491098644
1.4294941558825394,1.43083774173849,1.4308441834715588,1.4330932484841548,1.4306637755374845,1.4327509340538571
1.4125380721276726,1.4112868740617022,1.4122944727514937,1.4122671968807503,1.4116342992049418,1.4116975005794519
1.4053739660769553,1.406597930536344,1.405998876546243,1.407289911404887,1.406180646786564,1.4074378039117912
1.4184272830812958,1.4197360046734828,1.4205314446171255,1.42051371903684,1.4201882691141372,1.419300122301782
1.412932831086495,1.4124709526470365,1.412231115622761,1.4113719590507758,1.411227790956545,1.410463084992865
1.42040021490107,1.4227791755058543,1.4213013273741417,1.4239110157635404,1.42027059760606,1.4234935489135325
1.4041792766130021,1.4066773096374472,1.4037891574339352,1.4072641166396673,1.4025132069188027,1.4055802850009016
1.3884453731033812,1.385212822559708,1.389167572456624,1.3857224777315806,1.3891977772230082,1.3846001287503338
1.4071466471643659,1.4083830462762947,1.4079263171978735,1.4088996782688192,1.4081935057415165,1.408303690047337
1.4110674618348218,1.4134784774544602,1.410813449342609,1.4134182445578758,1.409129048015897,1.412142000833002
1.4192346737372266,1.4220774123625801,1.419800197464659,1.4220938416242175,1.4197995087877866,1.4213692795041588
1.4114403963478543,1.4082292380089059,1.411866980334175,1.4077019934964745,1.41103386468436,1.4069229996149653
1.418612507449382,1.4203430124158247,1.4185648823875134,1.4215377489590144,1.41706881767139,1.4212274897227144
1.4448419435494546,1.4405572848133839,1.4453336803281212,1.440731459433563,1.4440998567153511,1.4387973209005025
1.438464813795791,1.4402803737942882,1.4390826670083805,1.4401442341349011,1.4368104626515719,1.4377676507780552
1.4249998607706402,1.4224554950271833,1.4260013032838736,1.4222471415006521,1.4250329995525106,1.4207490175817765
1.4077054377231937,1.4056074969671075,1.4082935886761938,1.4050156701412528,1.4084184328868692,1.4042346169232545
1.442099709836389,1.4388040748304327,1.4413380318285463,1.4375687711748428,1.4398047765741022,1.435760625585391
1.4434527335192797,1.4410406729237046,1.4446022964200975,1.4417065560483946,1.4438386933407767,1.4399066042923945
1.4162440542619266,1.4206294502416612,1.4170252753497254,1.4201241483079332,1.4159496697760827,1.4184681807652297
1.3799957463226922,1.3772753640576054,1.3801389985692158,1.377281893195598,1.3797983166455938,1.3763367662507535
1.4277561703807058,1.4307078587442028,1.4281808470294028,1.4312603448580719,1.4276316190116283,1.430521943528661
1.4191047695943344,1.4216342378261733,1.419807674535021,1.421640373082439,1.4183815094112233,1.4198578435720752
1.3935429864106597,1.389698506159209,1.394237560941688,1.3893290745280065,1.394467375234967,1.388547038192552
1.4009135851104906,1.3987052361518293,1.4002020313586574,1.3990567353815175,1.3995209177413457,1.3981945223383867
1.4120908119957134,1.41020836806978,1.4110544720401186,1.4097084399885484,1.4096026379653113,1.4080699253712847
1.4062928586297825,1.4035744659608398,1.406403936230198,1.4032962961273074,1.4062477245672496,1.4027636256205838
1.4064024420135974,1.4087246908643907,1.4069188358987441,1.4088275366813994,1.4060218371923756,1.407870756446713
1.4165550067463357,1.4193495061564623,1.417668969672715,1.421133065692327,1.416813449602019,1.4213318387097797
1.391293144832493,1.3901773072904187,1.3901432045440603,1.390138851170398,1.3894101930536247,1.3905140625493544
1.396051078054783,1.3956103162717148,1.3970176264806744,1.3962021837398841,1.3965279252118332,1.3956081867492094
1.4200169850775244,1.4194555365336678,1.420927894422175,1.420147307479132,1.420255241013018,1.4196123724305638
1.4305697277675746,1.430817462306033,1.4318005499564441,1.4309480867470061,1.4312609308413715,1.4298423896525057
1.4169435610440773,1.416374390131139,1.4171886686167199,1.4161529361819505,1.4160335598447311,1.4145501460748116
1.4337456695445783,1.4334748906097328,1.4339563331637137,1.4336953720689272,1.4333536510583262,1.4331267794683922
1.4499994601194806,1.4493473483534627,1.4513705710428786,1.4493469360174431,1.4511320067202285,1.4480591764021007
1.3978992884042984,1.3977811575759684,1.396817486527424,1.3963882756606216,1.3961476363514993,1.395379475885293
1.3790150846929479,1.379124632933875,1.3785335886956342,1.3797954867944648,1.3771298380463366,1.379343465335898
1.4196239557233674,1.4176213707078515,1.4201093259546405,1.4189539530435527,1.4192352695622428,1.4186212933241635
1.3952587756073416,1.3929991227765688,1.3936688371701154,1.3925993933666132,1.3913870439582194,1.3913701558158929
1.4206037827145868,1.4182938391456585,1.4206999380260217,1.4184433214667722,1.4202301452825297,1.4182915459213694
1.3917738864871187,1.390031458694568,1.3909805870646512,1.3899076228762763,1.3890061611456865,1.388315117322313
1.4072745753717393,1.4128364930440527,1.4074521628743604,1.4114644825040554,1.4053763317771073,1.4095727243911096
1.3997791760352416,1.3990404554252467,1.4005176658375669,1.400433610428415,1.3998693856230446,1.400805383612064
1.409190313401724,1.4042939302686601,1.4094410080985786,1.4038771514808175,1.4079286022628,1.402237736902006
1.3998869595034982,1.396141949764279,1.3990500012408444,1.3958934384051378,1.3974274504078363,1.3943140242569123
1.3933940651419834,1.3934879716415676,1.3932730517004421,1.3928262396570186,1.3926235832148115,1.3921888846565762
1.397496905088508,1.4010718536425126,1.397327987742976,1.4021169566517384,1.3962923209506886,1.4018056404336425
1.3888272616061776,1.3883644437656277,1.3892911385919715,1.389324494531755,1.3887304685299477,1.388962555443075
1.411748154342903,1.4144555252616222,1.4105335913539059,1.414168473533855,1.409343018387536,1.41321009397586
1.423555814798798,1.4226707966022292,1.4248684774922635,1.4232286973814352,1.4243761551542635,1.422683449428449
1.3761341032210483,1.37692480786919,1.3769072684706942,1.3783458853956294,1.376727898228356,1.3786365589041907
1.376291818920614,1.3793554187198591,1.3766498987302396,1.379772936117835,1.375697068810545,1.3789852211059972
1.3965748947610956,1.3952223175042608,1.397062173714991,1.396780779497116,1.3957422010273066,1.3957857077061508
1.3812181948725972,1.3811295565976434,1.38158828049641,1.3818841193885356,1.381078434378449,1.3810354012469865
1.3951818199861994,1.3977481961752418,1.396236892427503,1.399075917523018,1.395542222390458,1.39939768872202
1.4134613845832598,1.415120878210806,1.4134284103594796,1.4157977736294074,1.4119193408430222,1.4147378965785042
1.391654300184327,1.3977370716838147,1.3916714757153328,1.396479069329275,1.3899576612016984,1.3946718002184981
1.4245440306176556,1.4294061394371989,1.4247466409575216,1.4297776011153258,1.4231533533986878,1.4279782908499905
1.3993977846891161,1.4042721303451824,1.40103390124867,1.4044465540340165,1.4002542771818867,1.4038371384416133
1.3916362737469468,1.3929930736425982,1.3906205382606345,1.392693716981737,1.389351142841795,1.3927408080792614
1.4219932410313205,1.420476665583686,1.4230014323008,1.422091076911386,1.423110386598332,1.4223937447546369
1.385261123330211,1.3902200057939123,1.3851738554112012,1.3901489054816283,1.384505249645602,1.3897782320144414
1.427086307025088,1.4249767915314495,1.4283538664288629,1.4261475440350044,1.4276418038478114,1.42556590128099
1.4128694354447942,1.4137992348887292,1.4137732353422525,1.4149504501665873,1.4134663676103187,1.4148702860218496
1.4183821359517716,1.4175110954218864,1.4183266581858813,1.4184112126706414,1.4170681142596993,1.4172664996542996
1.4131685848490594,1.4109352806267657,1.4151980291971478,1.4120804210817453,1.4145879223787547,1.4103219088551715
1.4050993383885395,1.40150670957313,1.4036262865047622,1.4019286837782876,1.4025436540599483,1.400469745037668
1.4029544411859138,1.4052763665743047,1.4020000560711254,1.4049024083577981,1.401052583629523,1.4053146119913367
1.418015195702049,1.4171668746937756,1.4173303032398108,1.4173135326690716,1.416411496381686,1.4166038203142057
1.4378473517771169,1.4360055427143057,1.4362272547196024,1.4359224069693337,1.43425703985322,1.434813483614569
1.4010344804284,1.4040171971229556,1.4017618975063817,1.4041604671633663,1.4011063682370941,1.4031694978509437
1.3958331399057222,1.3972185842736546,1.3953310135106591,1.3957471114220672,1.3948266782807675,1.3950849257970597
1.419227834463983,1.4168035856786532,1.419735864375989,1.4170716956970253,1.4177356179838327,1.4156340654169945
1.42343515601608,1.4245724965559046,1.4229216795341708,1.4237384602865804,1.4220307903677132,1.4224486190520396
1.4162267536667368,1.4168399946977168,1.4162595521231214,1.416099897715777,1.415740704052631,1.4148971379914668
1.4265770947664846,1.4252774960331587,1.4277852447856232,1.4257313115158856,1.4273400554167943,1.4251007089138066
1.3742960961147168,1.3749767820802257,1.3757756981347147,1.375366066214516,1.3750558680328837,1.3751729178155152
1.3977993662133503,1.4057557651533505,1.3977888221318753,1.4044043364921979,1.396497967067973,1.4030548808453196
1.4197475860174447,1.4185118014469769,1.4190914437768558,1.4179236489254,1.4176452730181262,1.4167123493511158
1.4317084181046025,1.4295056634851369,1.431654699029173,1.4299313169194552,1.4300367024099727,1.4284203367532735
1.4159028363768569,1.4172819737721496,1.4167954375723248,1.4184748021539022,1.4156750593835512,1.41764228842315
1.4196206528368684,1.417255293579461,1.4194530103664826,1.4169326805894897,1.4187368837808363,1.4149929068184084
1.402197869520635,1.4037663285725543,1.403956705291729,1.4044155337858393,1.4043393838650977,1.4039353932240037
1.399440723824738,1.3933372527361845,1.3987217649166281,1.3936083057775868,1.398197063727878,1.393036063314589
1.3905714073271958,1.3919263989353707,1.390405957329015,1.391789762239525,1.3890397314362384,1.3902676121372293
1.3900009448398607,1.3952701218395953,1.3917631999538471,1.396442530383727,1.392144448481348,1.3958015387078866
1.4142644439450849,1.4130508145166003,1.4143992776813736,1.4123639872592855,1.4134126860127372,1.4117643748453599
1.4100933428222233,1.4126225258743672,1.4108234576958545,1.4131660330886158,1.4109505782090315,1.4127523466128407
1.4009038109008933,1.4047314924932204,1.4011625360174367,1.4036410024347548,1.4004137002966397,1.401999908387944
1.4247321984924872,1.4249001632468536,1.4267222023750699,1.4269472354107984,1.4256012539165448,1.4259976231327012
1.4434625855893868,1.4481998875570183,1.444826158640449,1.4482899422196491,1.4439337208999372,1.4470792746052796
1.4219440956707228,1.419154730056007,1.4234451564321848,1.419701915584105,1.423066910873041,1.4185256394651435
1.4082895422574269,1.4081482888444476,1.4098188693199638,1.4081789091249457,1.4090815159883667,1.4068247432958128
1.4131729790132599,1.4076242115119957,1.4116150931086469,1.4068492903141483,1.4100609710915184,1.4059891640363442
1.4463139033712076,1.4467125301480888,1.4470407490563972,1.4465342026427794,1.44566986949158,1.4449543272917347
1.4044350168517024,1.4011522637454945,1.4049999497699583,1.402319562389807,1.404549291981043,1.4016436576401994
1.3979833676617672,1.4026510213072896,1.3974359905603595,1.402497459292052,1.395864067687394,1.401606658745882
1.406295871749126,1.4050027192018961,1.4078155112118398,1.4062158490514982,1.4074082950032705,1.405833856698193
1.4122528085918757,1.41284474018829,1.4121580404786322,1.4127698821345844,1.410457036096539,1.4104992568285624
1.3992837277060326,1.4019685927775896,1.3996766137713477,1.4021633898560817,1.3991082096829595,1.401435903964989
1.4175517407210136,1.4157097052491487,1.415457691448821,1.4144748008254837,1.4135276778162653,1.4127471589297576
1.3879187930773318,1.3843503788272844,1.388429282577066,1.3845710376952918,1.3877981298261401,1.3832261415732474
1.420822039294409,1.4188590011174438,1.4211890973365582,1.4190406936986362,1.420333149679693,1.4176138577920923
1.4523398803601122,1.4500576090831412,1.4529665730102093,1.4510923596174021,1.451243420684447,1.4489399233806772
1.4101522253676004,1.411204485968086,1.411386194428724,1.4126384484742744,1.4111209759424101,1.412412057133858
1.3965210944529156,1.3951178587458881,1.397110117089786,1.395965333287215,1.3960704749200727,1.395242568970649
1.426492595031911,1.4283820446249234,1.4280487659803707,1.4292068016459856,1.427452869570516,1.428264700483399
1.4246379808670482,1.4241642995180106,1.4261204254449042,1.4251250230579318,1.4253329206509655,1.4243008932098868
1.4211774207053047,1.42503870790376,1.4197701557220397,1.4250453849953395,1.4185509313327271,1.4241057382678581
1.4236879493062808,1.4241611032943438,1.424186736681921,1.42437296569802,1.4227261773628823,1.4232331655224777
1.4242682038145242,1.42547128422814,1.4253968443438128,1.425841051780785,1.4238031040337644,1.4246422782230521
1.4324322749389784,1.4335645153060537,1.433035019553791,1.4341000489948117,1.4312384047884419,1.4314665686804051
1.418013671973343,1.4223513825395926,1.4179215672022167,1.4216799368022743,1.4169658298158871,1.4203171148497535
1.4310011414328914,1.4282099092611351,1.4309495871918998,1.4290884392581102,1.4304419733266784,1.428583530222177
1.4230687339891301,1.4224448370209177,1.4230010621859748,1.4229312388069713,1.4218241972514007,1.4214044627073907
1.4176131651147443,1.4166457843685556,1.4177957658500626,1.4169088743764409,1.4171975571273454,1.4158141610038795
1.4204954958641478,1.420733000689604,1.4211062098100653,1.4210509778345366,1.4194423015843265,1.419618043959985
1.3969770765216933,1.3984144012924917,1.3984395686227478,1.3996910625191534,1.3972604430949505,1.3990087755343903
1.4316363038452582,1.4319657605157574,1.4317186143924945,1.4330562801613305,1.4309011006993066,1.4329824614670392
1.400335194426759,1.4032881534000958,1.4010610051045518,1.4033467448793246,1.400737426927898,1.4025972579537502
1.415424512082043,1.4161538892173204,1.4166699856931118,1.4165074587108628,1.4168787648842862,1.415092769304294
1.4014173936130505,1.4051253502454617,1.4030924856800944,1.4060907876565172,1.4031897191230347,1.405861476633121
1.409034621965099,1.409139370672892,1.4096587634228308,1.4102216538744514,1.4086089596487972,1.4091632379512091
1.446155548233921,1.4464115640917412,1.4476088282690955,1.4486798615480605,1.4462591369657067,1.4470881762005867
1.39550808070606,1.3952755674987647,1.3951495264929534,1.3955669094916117,1.393693036076764,1.3935218684513564
1.375563826755882,1.3753657931743843,1.3767098156037487,1.3762882270658179,1.3761793003050822,1.3757987126633038
1.4154432770399308,1.414479058809258,1.4155683483466597,1.4147167543390458,1.4140026553938159,1.4127496011640481
1.4363307436933601,1.4360519584353988,1.4373331531794848,1.4375361045089066,1.4364876194876262,1.436945011382668
1.4031578321785336,1.4051218018331668,1.4014647017663917,1.404612771431954,1.3998277910009322,1.4039122045363768
1.3974003596403486,1.3982246045049953,1.3976690371446676,1.3985040897623113,1.397192770773273,1.398762613382109
1.3801347121197771,1.383458097708858,1.380644425827678,1.3831248499745357,1.3799654038338347,1.3822761244445496
1.3918700722531852,1.3907448468473393,1.3931773418782887,1.3915726056048658,1.3927639551779782,1.3909207662658358
1.4143247262503407,1.4127771357308458,1.415060145299776,1.4130923983643724,1.4137277983645236,1.4118547697534392
1.383193218419533,1.383472405286523,1.383310669798152,1.383429102082095,1.3818217695149133,1.3825852644291137
1.393986879589049,1.3985499061914246,1.3939646320078318,1.3972909407908156,1.3936013759230206,1.3957344576795758
1.404223271633663,1.4031845784848163,1.4045691133789573,1.4036758887656655,1.4033846166534971,1.4016202375234657
1.390102990691182,1.3866066959405245,1.3899125008673876,1.3864044293360764,1.3890195694846432,1.385436107940141
1.4356207358381292,1.4367660859589348,1.4365559586760057,1.4374547826889477,1.435014349387304,1.4358051542517924
1.4092015127828905,1.4094976150068,1.4104241667151984,1.4108131821398997,1.4087688083489318,1.409397988918374
1.4076230258642013,1.4101174826377147,1.4098544824539259,1.4118936729519125,1.4099440260501186,1.4114578152900374
1.4148785470280554,1.4163369553653533,1.4165697339264398,1.4168013605223264,1.417136645658073,1.4164338484538574
1.4219551308586227,1.4228888260769028,1.422688850284333,1.4229017914456679,1.422788726818492,1.4224089721351272
1.3880037390280227,1.3887463237907756,1.389274768538518,1.3902675648650218,1.3889918155493672,1.3895795656938286
1.4382390246614412,1.4349316594823935,1.4380651774192046,1.4357473377749221,1.4359951556653403,1.434646335876298
1.3766823777293353,1.3805663925797025,1.3778052035460555,1.380775412146469,1.3772300508733564,1.3797121027018755
1.4061869172425718,1.4069452715894617,1.40726564802613,1.4087050962808458,1.4062085478533188,1.4088556752662893
1.4081838307587613,1.412769023841101,1.410017916348039,1.413484963368106,1.410862416244154,1.4131675338200085
1.421829248554589,1.4241644348991216,1.4236068688355445,1.4243359930033401,1.4232770335630174,1.422842587949438
1.4379194531496895,1.4388349889963714,1.4385094997553385,1.438554020942749,1.436444053344238,1.4363667092091454
1.4050636183871987,1.403745602294915,1.4071823351876818,1.4050103109701515,1.4077450996768348,1.404581379916187
1.4160769679412486,1.418600648374732,1.41632006030677,1.4176190917687175,1.4147763583427226,1.4153087283354162
1.415407872501124,1.4139022336760052,1.4140361787028737,1.412743395379614,1.411690280196122,1.411440391820576
1.4139157566993679,1.413355683142937,1.4134409462586195,1.4139087392032863,1.4126297676449238,1.4127997745327114
1.4243560242981403,1.4254164401103946,1.424574945196505,1.4256594324016716,1.4233572257589489,1.4245613737099048
1.4309290905631677,1.4279760783460806,1.431810688529035,1.4278587079082647,1.4316452912863669,1.427913365180631
1.4329464546674642,1.4316786724607318,1.4336465677758194,1.4322203138579692,1.4317961696093302,1.429921700236159
1.3958269600890094,1.3967115694083934,1.3943343412314104,1.396025017553383,1.3920685063195875,1.395037494819925
1.4289291982304,1.4294888833783121,1.4296848494993295,1.4293089377772257,1.4289385711037212,1.427402366060719
1.4136128623209359,1.4125536277202146,1.4130032257892666,1.413363997149636,1.4122179744562924,1.412667244261398
1.4170397732978715,1.419465499399085,1.4179633637082392,1.4205186662773521,1.4168888521772767,1.4193283373875334
1.4111781612040855,1.410573181267439,1.4117186268636226,1.4109271308592066,1.410350121961583,1.40944546615213
1.403557977396796,1.3997638839892026,1.402582637409338,1.400023390893746,1.4021151368559661,1.400089708577944
1.3979654556098176,1.3946659031416149,1.399057617179086,1.3954030671770816,1.3985973978385162,1.3939892014211364
1.4344064982021447,1.4334808147774203,1.4353566063917917,1.4352395740077024,1.4336419270293017,1.434884211713991
1.4047052264953224,1.4076071572733766,1.4052201386878176,1.4078056997873212,1.4039665181892453,1.406481106081148
1.4416685672514882,1.4410627642144445,1.442290366163954,1.4420911989049143,1.4411973306443597,1.4410757288973404
1.403466245164515,1.4007867154590308,1.4039736261931226,1.401756550679566,1.4035993162564064,1.4016852417337566
1.4109018209860753,1.4092454103005598,1.41215139758676,1.410528736464873,1.4096772580644432,1.4092842328111281
1.4360507628421595,1.433771272872593,1.436858240762928,1.4344443916258542,1.436018098250643,1.432878765108121
1.4043473805694588,1.4015023305834182,1.4038944060710887,1.4007394167327698,1.4028743790259561,1.3990575616130159
1.4312324173330333,1.4322801178749087,1.4314316847642823,1.4324540818158866,1.430417880379569,1.431613646496316
1.418305431356642,1.4190300685855601,1.418899266622083,1.4191005977644349,1.4182172860636393,1.4186287523830683
1.4147979685553107,1.4182986562310533,1.4148797033331777,1.418150437622739,1.4137519181818932,1.4164086209926607
1.433889799410058,1.4395790183618395,1.435641014335501,1.439412955114901,1.4357578653406295,1.438408965043044
1.3863493500418191,1.3803756050577571,1.386043822937788,1.3802427179674528,1.3853772680601548,1.379689415289345
1.382020743352456,1.3801646908350498,1.3824018884126896,1.3801159964449021,1.3818871283062435,1.3790179144388908
1.4076383735350397,1.4078974181369492,1.4068936390849727,1.4081700508853852,1.4046779188953133,1.4063214480462392
1.4305493307804926,1.4283521349199577,1.431018657219953,1.4295545432498087,1.430118072642176,1.4291075733361283
1.3994581284707062,1.3991722830155136,1.4003280294352134,1.3997309754493539,1.3999581835127644,1.3993201785469382
1.4248757748519034,1.4260443524253261,1.4249773274760993,1.4262211242789515,1.4234028828392875,1.424572934495611
1.427492013493765,1.4281594662251287,1.4281239659896827,1.4291885975248795,1.427049539392623,1.4284128372202585
1.414266996182611,1.4159503209190387,1.4136225603665806,1.4157204162895043,1.4124417056673486,1.414758904648436
1.4360068738997327,1.4345995004679688,1.436231378952238,1.4359792969942635,1.4349122055951054,1.4342506156213206
1.4138236876667893,1.4181485666674827,1.4128309813404931,1.4164711777813328,1.4116244580506898,1.4155056723976605
1.4139613248251843,1.4101041293721792,1.4142666448894756,1.409735696707176,1.413238829042783,1.4084788657929777
1.4322286802506543,1.4380783143215352,1.4328426957395712,1.4376410077643569,1.4307880440010567,1.4346483175895048
1.4389529122811404,1.4392646348803435,1.4383757402660875,1.4397670538412897,1.4360155310663092,1.4385586148415905
1.4011107845272461,1.40198866568847,1.4006989302281496,1.4012009003192327,1.3990802102356752,1.4004344002175815
1.4004731463823392,1.3990811223915565,1.400942115975642,1.3992445936396023,1.3998604072836438,1.3987211146044072
1.4325284049176734,1.433080019069214,1.4330330060618994,1.4346348233380322,1.433029134159004,1.4347169892159246
1.4054843643175547,1.4081381245633717,1.4051374032816162,1.4092387749007913,1.4037417225194941,1.4080162747486302
1.4165760915298842,1.416193906591757,1.4165654857093006,1.4166280057445382,1.4144916617420384,1.4152902220573906
1.4266009166288809,1.4268880824173302,1.4281502726115716,1.4285364152664106,1.4270374360168085,1.4284408868589435
1.4202272469508146,1.4185364266732585,1.4206063136680347,1.4182845866364158,1.419179454088069,1.416525903347318
1.41884354755528,1.418384415228439,1.4203378746662831,1.4186281569512738,1.419776544993452,1.4166136217170406
1.4011296669781703,1.4004012119512637,1.4018188810553327,1.4009910301475326,1.4011970821813056,1.400390180990116
1.4408095500538043,1.4436788066708943,1.4422205735417517,1.4438473643636736,1.4417187219759335,1.4424345389396154
1.401844221111598,1.4008011092839532,1.401647625963326,1.4011916770038955,1.4011034397206323,1.4001337993002323
1.3968844823428654,1.3965688492718153,1.3976461006181056,1.3973870676441662,1.3966404549201048,1.3957121272073771
1.4364991137319367,1.4357129952673529,1.4364534822097492,1.4353707227338315,1.4351888925933143,1.4345957746971094
1.4210146051356505,1.4210641029179334,1.4210672394037251,1.4223127987481203,1.4193513928675576,1.4214668711819514
1.4041568575843346,1.405790202173055,1.4052908948391476,1.4053958308120564,1.4043533640335435,1.4035520032578408
1.414094708150003,1.4103712497943046,1.4140084010610472,1.4115019029252442,1.4126447385814873,1.4103995435780177
1.439533513410954,1.4405733602749904,1.4389657048310813,1.4410722003733458,1.4363476370053274,1.4386618824318436
1.421364848896018,1.4228085176754806,1.4218541803918805,1.4221948622599512,1.4214550115601425,1.4208551579559277
1.3801978867256057,1.3817599438096548,1.3803816846772856,1.3819958371817835,1.3800817185593635,1.381979388717515
1.4208455585574236,1.420092630858226,1.4217735329034118,1.4209443714823269,1.4207648521886234,1.4204095128252232
1.3938757276255513,1.393311084730953,1.3929811020420249,1.3938960986670874,1.3917254731078728,1.3927423683034488
1.4143276710103176,1.4153860055921255,1.4149800646613744,1.4156377833468394,1.4130309746279994,1.4143618234341788
1.4171778169805567,1.4141089456789782,1.4175627364598358,1.4137828776280545,1.4164633666391513,1.412835342593177
1.4172721864085054,1.4177824535092296,1.418754331591971,1.4188125820926984,1.4179002136876977,1.4179396512621747
1.4137268577137019,1.4125157369707757,1.4143885332077588,1.4119346505295758,1.413435411152516,1.4100150636672906
1.4027798247159484,1.4073850708102686,1.4029436571023555,1.4072484387063258,1.4015407823961707,1.4062054733283036
1.397854673712562,1.3982029289134403,1.3989236778640546,1.398775204655512,1.3990039675159534,1.397897465224815
1.3929090560162782,1.3978452440201143,1.39331091058607,1.3985852094547273,1.3921905470671756,1.3991550766159433
1.4387407680116049,1.4389157841254185,1.4378068710322793,1.4386927228422315,1.4366604151131264,1.4371819579373377
1.42191018247669,1.4217459456138712,1.4233024699337031,1.4230391982178707,1.4231830051903789,1.4226874377502563
1.4358573510443777,1.4325999327303947,1.4350500040933485,1.4325105956954818,1.432438566814056,1.4311913618699927
1.4021256587356707,1.4002266195427286,1.4033137153754154,1.400556956253892,1.4035741689476402,1.4002988201353774
1.4193552582148232,1.4184050150876129,1.4187970806585692,1.4181103276534048,1.4169498521406323,1.4168277235507476
1.4092099325274567,1.4133992761447087,1.409398202496118,1.4124610277959992,1.4074623958239927,1.4105065293887238
1.3933528492500413,1.3949179549896153,1.394020779795994,1.3953490948646912,1.3935511956438316,1.3941344474974793
1.3989077845469022,1.3949689274036239,1.3986191033579873,1.394915353988901,1.3975303540718254,1.3939187947357503
1.4338488774014297,1.4354778120904563,1.4346978167006632,1.4359294851616136,1.4327858204140371,1.4341584535926435
1.400546471299484,1.3986207750733977,1.4000978395733343,1.3981854996165661,1.3992700030289886,1.3971859027489943
1.414544744110449,1.4164272318738722,1.4143211748796756,1.4170657157642768,1.413191439370636,1.4162430741140772
1.4069454424619707,1.40822318770068,1.4069716629341538,1.4087910264995307,1.4049853358029012,1.4074078024522234
1.414636350189793,1.4091339656988002,1.4144674642310133,1.4091106998385898,1.4137457811611736,1.4078216378005035
1.419089959271459,1.4166003746572031,1.4184932971172648,1.4164220414012572,1.4170977281995398,1.415885418811265
1.4337832468657576,1.4310862534997146,1.4344965632558155,1.4315081896465516,1.434158032488259,1.4307719113544632
1.4206840809482983,1.420812830930384,1.4207080742907674,1.4217461335397967,1.4193305540823482,1.4210521465444037
1.4091229954689943,1.4034356570343791,1.4089408281104272,1.4029284488973737,1.4076899254436985,1.4013962100180957
1.4121025424051872,1.4084355857217514,1.412830330263869,1.4099330874511906,1.4120728686387354,1.4096851099321401
1.3970177038254787,1.3972506616256655,1.3966361851133131,1.3971384343025426,1.3954471242386766,1.394958002880371
1.3791501563481918,1.3807645239447073,1.380970644465398,1.3828770678138316,1.3803489721303637,1.3825566478539444
1.4019799627460237,1.4086404925718277,1.402741994212061,1.4080605040034562,1.4018743209326556,1.4055037056453117
1.3799353008591755,1.381154728382429,1.381473775391601,1.3821820242591758,1.3817865546684056,1.3822327034715134
1.4013266246345282,1.3995402143444655,1.4000426407457598,1.3990256669645933,1.3994404328361587,1.397708110420316
1.4091677726328664,1.4052307995059559,1.4075513096508405,1.4046070034457236,1.4062017654798753,1.4033983061696038
1.4131797913817814,1.416367743976194,1.4136448711597682,1.4164347347638107,1.412712753466243,1.4142792351919666
1.394270087404746,1.3945176324376243,1.3948637910619626,1.394591683422349,1.394555114438103,1.3941677346685828
1.4289564940039403,1.428886291788452,1.4298584794914266,1.4291344108867596,1.4287902263550138,1.4271058122466767
1.4396482826173307,1.441512127763793,1.4398485213055499,1.4432017890034807,1.438517471209422,1.44197372437901
1.4068621172040425,1.4045622092322785,1.4077624818480898,1.4048941333754512,1.4074860634572133,1.4042819116273308
1.4064890770621306,1.406275714238471,1.4066331828353422,1.4054059119368925,1.4058347435243943,1.4043671443625103
1.4047113307184642,1.3994192689739675,1.4046153121053695,1.3990870721908895,1.403967415587214,1.398752373172293
1.4313148030785525,1.4266948822421797,1.4309514070359246,1.4269294452134322,1.4304200355650545,1.4262444147592315
1.417195554266385,1.416944522566672,1.417024108211405,1.4177920095052083,1.4160059497998938,1.4164828725516516
1.410026173872027,1.4102614386432153,1.4108845128879905,1.4104347523275005,1.4097954457573247,1.408702843845392
1.4118848880070243,1.4089204281230414,1.4123133278479352,1.4095714229790595,1.4107745906233249,1.4081920540977215
1.4466764081651036,1.4463220064464375,1.4462070250295491,1.446063378909072,1.4441796309041885,1.44397283757354
1.3982882595983004,1.3990567946671588,1.3978168857475453,1.3991462065174785,1.3970887027831345,1.3989215286531562
1.4255752621764857,1.4240899517468917,1.425653611411216,1.4250739798801335,1.4236580921402613,1.4247546817684482
1.420303844299471,1.4170451252694678,1.4209199137311026,1.4171648727464559,1.4206351824393222,1.416358379216344
1.3775635663857586,1.3783686776879998,1.3784757634111398,1.3796869971947505,1.3780413034338597,1.3794344337121915
1.435174575973915,1.434942548444462,1.4343227254739201,1.4348157344602464,1.4328665086308607,1.433736457263752
1.4016559035208023,1.4028139342680703,1.4028682632633975,1.4033181536570114,1.403164840761346,1.4029048553176395
1.3908420150065062,1.3956075346954746,1.3910029822303915,1.3949291754028084,1.3903816001110547,1.3943980894291084
1.3960749039582778,1.394983223627499,1.3959057515733628,1.395381290538261,1.3946109866976715,1.3945281340196765
1.3894182781793345,1.3926921018312959,1.388220649645958,1.3918251014890612,1.3867328998949122,1.3910466029668616
1.3945603358627388,1.3924574972577453,1.3948781917085125,1.3933752610635923,1.3944777091743745,1.3928650322727782
1.4265556565330038,1.4243144560181282,1.4274967266328804,1.4255723542152352,1.4256174336105552,1.4238835671998022
1.4018318847938624,1.3987628221470672,1.4004607923258237,1.3984600736011155,1.3993634635944867,1.397007311765287
1.424823644004953,1.4236635163650333,1.4249768377139818,1.4243738945166082,1.4234287119039488,1.4238241682724653
1.3943583971258982,1.399524513002254,1.39329094265751,1.398019345473126,1.3919281944392223,1.3971097607998582
1.400112703956207,1.4045305466711615,1.4017164155635475,1.404583908261888,1.400822236688081,1.4026498596224992
1.4197429281088112,1.4170632610902176,1.420931739404229,1.4192267910212109,1.420327832440363,1.4190935717013726
1.4081990308380399,1.4110157154766356,1.4084633260437247,1.4107891727103308,1.407068991640034,1.409502548596349
1.408509101146858,1.4090743740336795,1.410317827306122,1.4102767551617421,1.4107350190781522,1.4103066303783838
1.407788256830027,1.407555512861749,1.4083796424629718,1.407475865101823,1.4074335910033793,1.4061328091535472
1.4113917528015618,1.4064308201662208,1.4107592874615058,1.4068220071864554,1.4099330122390443,1.405636537808495
1.4365173373853706,1.4383515823744735,1.4369378666470145,1.438652822378965,1.4349616621097618,1.4371323555561497
1.4057125509866726,1.4012491497746589,1.4053764264197521,1.4008306502637127,1.4044453072449183,1.4003440647234462
1.4228174041133599,1.4204219854692612,1.4229246501397637,1.4195415785467385,1.420903384317003,1.4172688617914238
1.4207610533889217,1.423709109644718,1.420686686368335,1.4249800704594964,1.4200601522130052,1.424839508948247
1.3917833605759957,1.3953512730285544,1.3923539462558099,1.3940137065583584,1.3927964051194461,1.393153502760295
1.421819996580615,1.4222340307851953,1.4213387951021155,1.422814523946129,1.4203865125335793,1.4219865284590343
1.389576446533185,1.3937286064269694,1.3892826359875126,1.3924614845044792,1.388240142134571,1.391098986880148
1.427053535873056,1.4240363509722367,1.4263743329797787,1.4247091804147671,1.4238454343565496,1.424581908715506
1.4078203080188,1.4093236651110266,1.4090971142151691,1.4106810767506845,1.4088876367923728,1.4103878842745565
1.418340876511259,1.4172836466134207,1.4175485817026363,1.4168266111100973,1.4166262593148242,1.4153196448043701
1.3897979505116314,1.3888532880609077,1.390573004405755,1.390205234524132,1.389494123698826,1.3894169775943197
1.4154738407339083,1.4150068345885007,1.4154693000650107,1.4155876527825184,1.4147788405512023,1.414997071475393
1.4347104784659432,1.4335089527240361,1.4355966297258884,1.4339933891642038,1.4353301244331886,1.4330656855679695
1.3929878558327375,1.3919142860908678,1.3931882176459056,1.3930292715274564,1.393188933615309,1.392959550159641
1.427360012628658,1.425755044977565,1.4282594991120114,1.426106627216317,1.4262746605867593,1.424199057051728
1.3973223316755836,1.3978923058353854,1.3974334831510493,1.3982610927727608,1.3980403789434845,1.3986872484461268
1.4309735004223403,1.4352176316187428,1.4315923859599098,1.4343943825157435,1.4308666738943931,1.4328549078046304
1.412615744851789,1.4090869247381286,1.4130243546633776,1.4098440051695804,1.412612873990421,1.409326699217826
1.4038374346215055,1.4017114977841736,1.403162352726255,1.4008160846565563,1.4019322134560415,1.4000489463829418
1.4344886585503456,1.4329101795528911,1.4338063110285684,1.4329087872219934,1.432075801269529,1.4307814847634381
1.4203009219091294,1.4249962352427368,1.4208430838437434,1.425788653649528,1.419506878484819,1.4251578937596407
1.3899822964976278,1.3889130619152792,1.3883867407930688,1.3888818450229086,1.38703979261522,1.3893055925242404
1.394086979692137,1.3933273857347117,1.3955597666897037,1.3939279304882917,1.3955747691642904,1.3933417960700154
1.382264260957316,1.3809698861485307,1.383515767079061,1.3815612344359416,1.3839666563274544,1.381165773699812
1.405711311488076,1.4100877020514118,1.4054166869007525,1.409604016200093,1.4042926973421002,1.4075459007004647
1.4198439320594152,1.4183259071290797,1.419761471219847,1.4175407801827924,1.4179279017896331,1.415989155899146
1.3901315481270933,1.3892826086599552,1.392077274432683,1.3903004165747357,1.39205928120007,1.3892937964819332
1.4008851808846197,1.3989117880431705,1.4006167893338461,1.3981048613028657,1.4001537004444964,1.3973992218836786
1.3917990126393667,1.3908655470184204,1.3916989327883331,1.3909436614119841,1.3914491818923742,1.3907017380674438
1.3886548707202973,1.392147247267665,1.3883785973931653,1.3920820788686317,1.3875337365340077,1.3905565408527671
1.41006173737015,1.4126779924733883,1.410311743765,1.4118211120118054,1.4082475891596786,1.410157399722752
1.432494178586474,1.4332288934163766,1.4335052990527783,1.4340586577226615,1.4318166054013206,1.4325427288166535
1.4514159265350879,1.4521778660429596,1.4531547779144756,1.4532281423975972,1.4530694727282691,1.4528645010922598
1.4379801125605796,1.4354405341260303,1.4381758012985695,1.43631441227257,1.4380989767847157,1.4356909608417718
1.4102578781332489,1.406823329765074,1.4099329994897296,1.4081049181138667,1.4084060164809282,1.4073334589099216
1.4253219317365662,1.4271670370787426,1.4256604247115134,1.4272596049839104,1.4232135573712839,1.4249676325640828
1.4141748848403959,1.4139258864492124,1.4150333192933617,1.4141754649319203,1.413200569899267,1.413673714075416
1.4280720823135373,1.4249457709839128,1.428667463119845,1.42620296092303,1.4275933034817267,1.4252593611631463
1.4146853572625635,1.4130047041536702,1.4148597411145736,1.4128355671812278,1.4138949684774405,1.4115354676740588
1.4011903439956233,1.3961627012016287,1.4017868714840453,1.39592915356687,1.4015907478722454,1.3949424729875939
1.4006289043591127,1.3957787205196706,1.401282806863986,1.3958826951864869,1.4009209068842587,1.3948708970863717
1.3935943348697442,1.3918683369704783,1.3934597645289277,1.3927352252467773,1.393156386302483,1.3931493377828286
1.4221128371422782,1.4203987815208465,1.4214948577106945,1.4208300787793544,1.4195314519189344,1.4204492019255859
1.414479299236146,1.4146591471814178,1.4133977137653762,1.414145176827159,1.412243590493672,1.4133370645335244
1.4248811552716174,1.4221468349772268,1.4258958966280975,1.422783369064335,1.4240205935931833,1.420769078622878
1.4292097854055623,1.4307945320054574,1.429252224041837,1.4309782328216145,1.428026531039741,1.4312199617956225
1.4140951459304143,1.4131200399874089,1.4142544053799462,1.4140939980091696,1.4127053743810751,1.4120723986077903
1.4232193944958194,1.4229166602037626,1.4221481369863662,1.4224244525040668,1.4209768177089575,1.422237719710794
1.4169602065173357,1.4116850603469508,1.417687060602121,1.412936270468929,1.4160510530908577,1.4131580715154402
1.434753434668542,1.4364862501477207,1.4349097833731221,1.4350220478084041,1.434376227963816,1.4331685759359538
1.4118093464557893,1.4161010244075083,1.4135482517227473,1.4170380834263936,1.4127720061884808,1.4167329060482086
1.4091461614620626,1.4098200356997672,1.4092177219213362,1.4105210205651186,1.4070959709371924,1.4098894267808406
1.382908388513548,1.3843390600110441,1.3831041691675225,1.3850277058002738,1.3820097957064539,1.3845769747420327
1.4240979044592956,1.4243297020662562,1.424195069784696,1.424837524153691,1.4231427498179088,1.4233973217845834
1.400060091075625,1.398879600951586,1.4000957904507678,1.399237146882936,1.398431814822369,1.3984448669015206
1.4347944319059678,1.4334313807910184,1.4351484905536602,1.4339977662727015,1.434122074796692,1.4334539440443617
1.4340970356905192,1.4336873932846073,1.434672894381547,1.433800573699757,1.4350530545568725,1.433414137867062
1.4317925036393935,1.4314088804961829,1.432259223545534,1.4313176139656818,1.4305401921609804,1.4296344809537789
1.3883413570122873,1.3894532258791772,1.3888282530478258,1.38980312177773,1.3877951358717833,1.3886455634467179
1.4203530154290447,1.4179833554571624,1.421195026235054,1.4187039636975523,1.420054293011437,1.4167509409899917
1.4148399727358816,1.4168667779980162,1.4142620097880954,1.416618894417249,1.4131473665097698,1.416310612338489
1.3994645567103245,1.401310579658049,1.399613885764643,1.400682165769338,1.3989223291069603,1.3998176174778114
1.4399470309908282,1.4402034649115116,1.4409728985676453,1.4406936164815052,1.4387408161958175,1.4378359357862789
1.4118562329328086,1.4168512001780242,1.4131905328180079,1.4181394351413417,1.4128224500569329,1.4181220425246124
1.4037101733150745,1.4061866479898408,1.4025216253977526,1.404761862669505,1.401239366998127,1.4037034237094455
1.4137942211798702,1.415316456731559,1.415397819726282,1.415848530714759,1.4153959928989537,1.4145702100416497
1.3905560913406316,1.389853450442873,1.3914448190441102,1.3911083600800638,1.3906111826681835,1.3898018608783465
1.383435868359398,1.3786118906250682,1.3840718542223012,1.379456161046985,1.3831698717228802,1.3783150486738773
1.3907088235689427,1.3914904109613186,1.3910353626023395,1.392065663054573,1.3898914187222722,1.3917263109327371
1.4058284706511814,1.4071444031621143,1.4067095468102275,1.408044483141203,1.4055337630718356,1.4073855516193012
1.4200316501382486,1.4216414598665041,1.421820281896359,1.4229174936289581,1.4218485089750226,1.4221869566531704
1.3938816270311516,1.393422681410134,1.393840595506909,1.3927185061897591,1.3924699193131527,1.3908455119203997
1.3914355510944867,1.3955261268717556,1.3910976464522216,1.3949255307378523,1.3895993688196882,1.3942977758920065
1.4213804016471197,1.4205527616816804,1.420291638578864,1.4205526325201454,1.4188168128111527,1.4200075477475689
1.3895219974153745,1.3931115388397148,1.3898350063458622,1.3938014911445706,1.389037424776252,1.3929304328264573
1.3990942074438293,1.4012374901051474,1.3994926633439404,1.4015332003924563,1.398709135256026,1.4003501086652281
1.39511307319983,1.3981554215308913,1.395887082510125,1.398848945983523,1.3947793691179518,1.3979539724466787
1.4111005318132497,1.4090519588171015,1.4113718814254443,1.4095488622059582,1.4103747876927397,1.4082392761549365
1.415048362451292,1.4090702631303773,1.4133547281791894,1.4085607559826487,1.4123949426577296,1.4079876071228161
1.3832191759816703,1.387084708715563,1.3825221435441415,1.3864639815750164,1.3811768007277847,1.385170872157042
1.422932608269648,1.4227520547309318,1.422910708643367,1.4222652687963457,1.4208264963330335,1.4218588384781192
1.4042320388091891,1.4028684817396446,1.4053275901998912,1.4034170612568222,1.4060594923882936,1.4041050829802395
1.3818490424897643,1.3814525751827993,1.3825410118539034,1.3815136779834511,1.380537834044106,1.3811142602220425
1.4077283549262696,1.409396691349578,1.4084458195211713,1.41021447024549,1.4084419748211172,1.410214864552681
1.4331524218985638,1.4328544303667083,1.4347423158109818,1.434381703240577,1.4341757026941053,1.4344195428759887
1.4107627891532657,1.4087774847442278,1.4098537550366588,1.409048342617591,1.4081017470853088,1.407504183933847
1.4149609596749386,1.4160389988738102,1.4159721427147773,1.4174050902547146,1.4151027674377945,1.4167384070983629
1.4007675853275858,1.40349320402694,1.4020389269281421,1.404182405525102,1.4008586966839005,1.4035422509989386
1.4002890535597963,1.4028761616657799,1.4010085908426426,1.4038994833489906,1.3998382983916664,1.4039325621057388
1.3959797486284915,1.3970637759195674,1.3960971928578427,1.3973179999064378,1.3949957598695284,1.3965815146790574
1.4166686615428585,1.4146142253151437,1.4172823549187687,1.4158047604030999,1.4165087148043753,1.4145558657571775
1.405546207750262,1.4004268735499668,1.4044729289884565,1.3996575549369734,1.4037829331785636,1.399241306832886
1.4314058720509333,1.431824124365071,1.4318129829219644,1.4310231544953949,1.43053702114803,1.4293469767111369
1.4029478302564957,1.4046524003250038,1.4022829691598555,1.404437424871688,1.4019479049288373,1.4035825895545475
1.424545426579241,1.4248915597461629,1.4243075979095254,1.4248917788841493,1.4232679160473845,1.424223199147101
1.408705000114652,1.4106363106468796,1.4097349978534455,1.4106576582216783,1.4097675320076288,1.4089385866241988
1.4331147359440057,1.4280328078090352,1.4335545483476768,1.4280719986035908,1.4335491167995076,1.4271084113164965
1.4016752979319045,1.401626338970026,1.4016429299518185,1.4002517299785062,1.4009829224910828,1.39837131374738
1.4204453706298763,1.4240121117693376,1.420926578746237,1.424624248201234,1.4190520190737572,1.4234359593693382
1.4554261586631385,1.456564356632814,1.4566447153293252,1.4590499078412804,1.4549563887808044,1.4582412726050253
1.3962745357596156,1.3908685450604756,1.3968572644322035,1.3913405788106097,1.397600831382218,1.3915680378582262
1.407201104974101,1.4082239691209455,1.4068661391534516,1.4070259709879718,1.4053886645089186,1.4058961335254623
1.4129464015065245,1.4122732382382193,1.4126227664543867,1.412881427865086,1.4106164750277423,1.411699890832369
1.405150454164549,1.403015481998491,1.405362592585429,1.402093716365035,1.404054224027608,1.40061156084322
1.3993486375952329,1.3994197577561553,1.3983858458333227,1.3994189091278195,1.3969661821789745,1.3979536825265502
1.4381708876680124,1.4383262665609862,1.4385276839717678,1.4385547840934647,1.43776586705902,1.4370098375242515
1.4287609033422692,1.428869108274003,1.4301166060457189,1.43009825230502,1.429375036443127,1.429316660363606
1.4058957605017355,1.4064353376621936,1.4052989807856329,1.4071317337910623,1.4049230191425872,1.4064846537653253
1.4283745508327172,1.4270472734578776,1.4279110659211747,1.4266634861648957,1.4259760519357814,1.4253410445849881
1.4323734355784494,1.4296567655573724,1.4305706107955982,1.4293656926330178,1.4287152794162459,1.4278563548209688
1.4080704946682767,1.4123222413290404,1.4079140367663192,1.4122478814691428,1.4065306922287233,1.4113060057342868
1.4066505897815442,1.4076639674758398,1.407422286835842,1.4095498027702813,1.4069107968753045,1.4094070345375047
1.433251472211068,1.4356335736852353,1.433505237388261,1.434657726436391,1.4306513596701838,1.4323582406748305
1.4058952427950282,1.406137063807091,1.405684600009897,1.406572570075281,1.4055235642991672,1.406908886298814
1.4134619345813841,1.4172709017933853,1.4139688487973623,1.4172612896606174,1.4127934183285544,1.4166520982862973
1.4237488381914016,1.4257681603967465,1.4231024380489572,1.4254174295694533,1.422533645174569,1.424822961258502
1.4437727210680051,1.4425901823493494,1.4440933817267458,1.4430656481433681,1.4419568355419574,1.4408222143810168
1.408047120530043,1.4099236063526708,1.4082227648343864,1.410247246258335,1.4063105245778869,1.408448721115533
1.3764652337162486,1.3779381405617526,1.3773105242423291,1.378545622608631,1.377560995836243,1.3785586450628957
1.3849077481874816,1.3835298561866072,1.3864236330523552,1.384641105136964,1.3858186915087916,1.3833862582061096
1.3933046819999042,1.3938124295786813,1.3931754286314622,1.3939828954419327,1.3925401427969841,1.3935816276426753
1.4193366123566786,1.4191543910547866,1.4213170319223938,1.41996336690752,1.4213275577123652,1.4192787411906198
1.4184590776189963,1.4171056569684322,1.4177419732032912,1.4176480932092792,1.4165096659256355,1.4167739295860804
1.3943149896650027,1.3893899378199235,1.395032004513084,1.3893041575902676,1.3946597186006113,1.3887158496198961
1.4050207244473718,1.3998764858506114,1.4049810632095787,1.3996570052328021,1.4040543029675467,1.3988943504089781
1.4117434035173222,1.4149621325537598,1.4124061504392436,1.4147189525264308,1.41081732410714,1.4128707109321896
1.4279295896881283,1.427430088655669,1.4288402407255796,1.4272313066736577,1.4282609875170715,1.4262492959953967
1.4145804115241674,1.4181552236359862,1.4139020053971145,1.4180976342143252,1.4127371316726596,1.4171088473226683
1.4382462356795662,1.4368241157527435,1.439624618417764,1.437366372731673,1.4386505866024215,1.4358203995884673
1.3948532187768865,1.3935856927022854,1.3947477091865947,1.392906064275978,1.393726278713855,1.3912285466025567
1.4019826831305775,1.3986139978692473,1.4035992521291176,1.3996419242389757,1.403571988553051,1.3988507997238084
1.4146117009121852,1.415166736687038,1.416432279202749,1.4164821176463018,1.4167561506839688,1.4164721643240357
1.398203177102212,1.4043279646957796,1.3982434978238787,1.4040304402669808,1.39697087097067,1.402719216740995
1.4112213817941035,1.413126641084475,1.4129885182457422,1.4147640510417174,1.4121370548336996,1.4148999812352125
1.438539085410378,1.4378406006162592,1.4382972722604823,1.4380171631415926,1.4361955578097634,1.4365633184290332
1.414644597564206,1.4133987775647434,1.4166573888965739,1.4160033388191473,1.4156311088244253,1.4156586056852793
1.4184257658361012,1.4182919604519069,1.419574783331099,1.419449701742154,1.4178566775480774,1.418073688901383
1.4336215430271828,1.432893667499855,1.4351249585848256,1.4335922448520042,1.434499044971434,1.432590669363947
1.4313769768357953,1.435679985448986,1.4313325753490407,1.4362173603136668,1.4303769078365345,1.4354187383944292
1.425433971326618,1.4264363448794708,1.4258143029679746,1.427981002219557,1.4243924368005798,1.4275619304822953
1.4054188451749117,1.4061651369722517,1.406616645983083,1.4069805069296968,1.4061959630512866,1.406666957226003
1.409478180933109,1.410267713336011,1.4092827348547068,1.4095816875169105,1.4080120265091565,1.407758575599142
1.418302290059791,1.4207811482549708,1.4195322665945447,1.421030247677062,1.4190067223207197,1.419279419911185
1.4096772707723308,1.4094140601041454,1.4103179310874803,1.4101680200768962,1.4095894410558976,1.4094797136329635
1.4081930797758748,1.4084023597977262,1.4095266337149155,1.4093881204862768,1.4090765322313739,1.4083613179391994
1.411124926930745,1.4135256531166378,1.4111845157559788,1.4135898933410191,1.4098354778819226,1.4123833484081418
1.3951959022263143,1.3937191080928484,1.396142825364996,1.3948918741641472,1.3952573420138887,1.3950778777229416
1.4034649414025526,1.4045276573265486,1.4042057307206388,1.404520183330395,1.4044293405468813,1.4042585554457812
1.4269434710086057,1.4262267821572392,1.4268583422486851,1.426662714682728,1.424534618252024,1.4251307626682246
1.3868634320039444,1.3862202189191515,1.3882263146311706,1.3867943942889758,1.3882370381942892,1.3857361472523084
1.3827450170647801,1.383850679408691,1.3827530057426387,1.3837218128564206,1.3819790419255213,1.3819393952157395
1.3868858630116336,1.3861764133528371,1.3876107449148287,1.386322017210223,1.3868869703679723,1.3852793465181712
1.4105373546983189,1.4125291260691417,1.4106382744636914,1.4132521741642234,1.409691899989839,1.4129128438832526
1.4164099556307728,1.4187196967590046,1.4162415240908584,1.418696982033271,1.4142091307418914,1.4171106265983022
1.390444858310867,1.3877037766071338,1.3901478010979413,1.3883726463946304,1.3900343346709365,1.388098027671716
1.3860086941131025,1.3871694136057255,1.3854701660270057,1.3868495229092288,1.3846113847316235,1.3865404384668658
1.3865419770219398,1.3869008405421377,1.3871763208178116,1.387615328443269,1.3860528033979465,1.3866938340630892
1.4066978426022618,1.406621664165839,1.4061271174658523,1.4065802954828523,1.4048727884769068,1.4053651481825178
1.4335184945001913,1.43482661157737,1.433876677032997,1.4352836353876905,1.432693085738078,1.4340628012350425
1.4122356108360772,1.4099223027147991,1.4124657441518045,1.4113666963249434,1.4126413529139872,1.4115058922214274
1.4362474565270082,1.435169775721367,1.4361557088947885,1.4347689947023148,1.43505957504717,1.4333292909961892
1.4068714694079687,1.4034897142606206,1.406942950694317,1.4028366178182494,1.4063531564439697,1.401774897484744
1.439166458717061,1.4419993882007551,1.4380649037847943,1.4408867823571574,1.435581835565144,1.4388362423813064
